/* 
 * To change this license header, choose License Headers in Project Properties.
 * To change this template file, choose Tools | Templates
 * and open the template in the editor.
 */
/**
 * Author:  Steve
 * Created: Feb 9, 2016
 */

INSERT INTO STEVEMCQUEEN10101.APP_USER (APP_USER_ID, PASSWORD) 
	VALUES ('SteveMcQueen10101', 'GODSAVIOR1');
INSERT INTO STEVEMCQUEEN10101.APP_USER (APP_USER_ID, PASSWORD) 
	VALUES ('MaryShiver10101', 'GODSAVIOR2');
INSERT INTO STEVEMCQUEEN10101.APP_USER (APP_USER_ID, PASSWORD) 
	VALUES ('JohnBeck10101', 'GODSAVIOR3');

INSERT INTO STEVEMCQUEEN10101.ACCOUNTOWNER (APP_USER_ID, FIRST_NAME, LAST_NAME, GENDER, CITY, STATE_RESIDENCE, ZIP, STREET) 
	VALUES ('SteveMcQueen10101', 'Steve', 'McQueen', 'M', 'Savannah', 'GA', '31405', '5109 Franklin St.');
INSERT INTO STEVEMCQUEEN10101.ACCOUNTOWNER (APP_USER_ID, FIRST_NAME, LAST_NAME, GENDER, CITY, STATE_RESIDENCE, ZIP, STREET) 
	VALUES ('MaryShiver10101', 'Mary', 'Shiver', 'F', 'Pooler', 'GA', '23456', '8912 Washingtion Ave.');
INSERT INTO STEVEMCQUEEN10101.ACCOUNTOWNER (APP_USER_ID, FIRST_NAME, LAST_NAME, GENDER, CITY, STATE_RESIDENCE, ZIP, STREET) 
	VALUES ('JohnBeck10101', 'John', 'Beck', 'M', 'Savannah', 'GA', '45693', '2345 Mayland Ave.');

INSERT INTO STEVEMCQUEEN10101.ACCOUNT (APP_USER_ID, ACCOUNT_NAME, ACCOUNT_INIT_BAL, ACCOUNT_CUR_BAL) 
	VALUES ('SteveMcQueen10101', 'A1', 1000, 1087.05);
INSERT INTO STEVEMCQUEEN10101.ACCOUNT (APP_USER_ID, ACCOUNT_NAME, ACCOUNT_INIT_BAL, ACCOUNT_CUR_BAL) 
	VALUES ('SteveMcQueen10101', 'A2', 1000, 1008.00);
INSERT INTO STEVEMCQUEEN10101.ACCOUNT (APP_USER_ID, ACCOUNT_NAME, ACCOUNT_INIT_BAL, ACCOUNT_CUR_BAL) 
	VALUES ('SteveMcQueen10101', 'A3', 500, 500);
INSERT INTO STEVEMCQUEEN10101.ACCOUNT (APP_USER_ID, ACCOUNT_NAME, ACCOUNT_INIT_BAL, ACCOUNT_CUR_BAL) 
	VALUES ('SteveMcQueen10101', 'A4', 250, 250);
INSERT INTO STEVEMCQUEEN10101.ACCOUNT (APP_USER_ID, ACCOUNT_NAME, ACCOUNT_INIT_BAL, ACCOUNT_CUR_BAL) 
	VALUES ('SteveMcQueen10101', 'A5', 2000, 2000);
INSERT INTO STEVEMCQUEEN10101.ACCOUNT (APP_USER_ID, ACCOUNT_NAME, ACCOUNT_INIT_BAL, ACCOUNT_CUR_BAL) 
	VALUES ('SteveMcQueen10101', 'A6', 3000, 3000);
INSERT INTO STEVEMCQUEEN10101.ACCOUNT (APP_USER_ID, ACCOUNT_NAME, ACCOUNT_INIT_BAL, ACCOUNT_CUR_BAL) 
	VALUES ('SteveMcQueen10101', 'A7', 1000, 1000);
INSERT INTO STEVEMCQUEEN10101.ACCOUNT (APP_USER_ID, ACCOUNT_NAME, ACCOUNT_INIT_BAL, ACCOUNT_CUR_BAL) 
	VALUES ('SteveMcQueen10101', 'A8', 500, 500);
INSERT INTO STEVEMCQUEEN10101.ACCOUNT (APP_USER_ID, ACCOUNT_NAME, ACCOUNT_INIT_BAL, ACCOUNT_CUR_BAL) 
	VALUES ('MaryShiver10101', 'A1', 750, 750);
INSERT INTO STEVEMCQUEEN10101.ACCOUNT (APP_USER_ID, ACCOUNT_NAME, ACCOUNT_INIT_BAL, ACCOUNT_CUR_BAL) 
	VALUES ('JohnBeck10101', 'A1', 1000, 1000);
INSERT INTO STEVEMCQUEEN10101.ACCOUNT (APP_USER_ID, ACCOUNT_NAME, ACCOUNT_INIT_BAL, ACCOUNT_CUR_BAL) 
	VALUES ('JohnBeck10101', 'A2', 1000, 1000);
INSERT INTO STEVEMCQUEEN10101.ACCOUNT (APP_USER_ID, ACCOUNT_NAME, ACCOUNT_INIT_BAL, ACCOUNT_CUR_BAL) 
	VALUES ('JohnBeck10101', 'A3', 3000, 3000);

INSERT INTO STEVEMCQUEEN10101.ACCOUNT_TRANSACTION (ACCOUNT_ID, CATEGORY, DESCRIPTION, TRANS_TYPE, AMOUNT, CUR_BALANCE) 
	VALUES (1, 'Income', 'D1', 'Deposit', 100.00, 1100.00);
INSERT INTO STEVEMCQUEEN10101.ACCOUNT_TRANSACTION (ACCOUNT_ID, CATEGORY, DESCRIPTION, TRANS_TYPE, AMOUNT, CUR_BALANCE) 
	VALUES (1, 'Income', 'D2', 'Deposit', 0.55, 1100.55);
INSERT INTO STEVEMCQUEEN10101.ACCOUNT_TRANSACTION (ACCOUNT_ID, CATEGORY, DESCRIPTION, TRANS_TYPE, AMOUNT, CUR_BALANCE) 
	VALUES (1, 'Personal', 'D3', 'Withdrawal', -37.23, 1063.32);
INSERT INTO STEVEMCQUEEN10101.ACCOUNT_TRANSACTION (ACCOUNT_ID, CATEGORY, DESCRIPTION, TRANS_TYPE, AMOUNT, CUR_BALANCE) 
	VALUES (1, 'Personal', 'D4', 'Withdrawal', -100.00, 963.32);
INSERT INTO STEVEMCQUEEN10101.ACCOUNT_TRANSACTION (ACCOUNT_ID, CATEGORY, DESCRIPTION, TRANS_TYPE, AMOUNT, CUR_BALANCE) 
	VALUES (1, 'Income', 'D5', 'Deposit', 150.27, 1113.59);
INSERT INTO STEVEMCQUEEN10101.ACCOUNT_TRANSACTION (ACCOUNT_ID, CATEGORY, DESCRIPTION, TRANS_TYPE, AMOUNT, CUR_BALANCE) 
	VALUES (1, 'Personal', 'D6', 'Withdrawal', -26.54, 1087.05);

INSERT INTO STEVEMCQUEEN10101.ACCOUNT_TRANSACTION (ACCOUNT_ID, CATEGORY, DESCRIPTION, TRANS_TYPE, AMOUNT, CUR_BALANCE) 
	VALUES (2, 'Transportation', 'D1', 'Withdrawal', -1.50, 998.50);
INSERT INTO STEVEMCQUEEN10101.ACCOUNT_TRANSACTION (ACCOUNT_ID, CATEGORY, DESCRIPTION, TRANS_TYPE, AMOUNT, CUR_BALANCE) 
	VALUES (2, 'Transportation', 'D2', 'Withdrawal', -1.50, 997.00);
INSERT INTO STEVEMCQUEEN10101.ACCOUNT_TRANSACTION (ACCOUNT_ID, CATEGORY, DESCRIPTION, TRANS_TYPE, AMOUNT, CUR_BALANCE) 
	VALUES (2, 'Transportation', 'D3', 'Withdrawal', -3.00, 994.00);
INSERT INTO STEVEMCQUEEN10101.ACCOUNT_TRANSACTION (ACCOUNT_ID, CATEGORY, DESCRIPTION, TRANS_TYPE, AMOUNT, CUR_BALANCE) 
	VALUES (2, 'Transportation', 'D4', 'Withdrawal', -3.00, 991.00);
INSERT INTO STEVEMCQUEEN10101.ACCOUNT_TRANSACTION (ACCOUNT_ID, CATEGORY, DESCRIPTION, TRANS_TYPE, AMOUNT, CUR_BALANCE) 
	VALUES (2, 'Transportation', 'D5', 'Withdrawal', -1.50, 989.50);
INSERT INTO STEVEMCQUEEN10101.ACCOUNT_TRANSACTION (ACCOUNT_ID, CATEGORY, DESCRIPTION, TRANS_TYPE, AMOUNT, CUR_BALANCE) 
	VALUES (2, 'Transportation', 'D6', 'Withdrawal', -1.50, 988.00);
INSERT INTO STEVEMCQUEEN10101.ACCOUNT_TRANSACTION (ACCOUNT_ID, CATEGORY, DESCRIPTION, TRANS_TYPE, AMOUNT, CUR_BALANCE) 
	VALUES (2, 'Income', 'D7', 'Deposit', 20.00, 1008.00);

INSERT INTO STEVEMCQUEEN10101.ACCOUNT_GOAL (ACCOUNT_ID, GOAL_DATE, TARGET_AMOUNT, MIN_AMOUNT) 
	VALUES (1, '2016-04-07', 12000.00, 300.00);
INSERT INTO STEVEMCQUEEN10101.ACCOUNT_GOAL (ACCOUNT_ID, GOAL_DATE, TARGET_AMOUNT, MIN_AMOUNT) 
	VALUES (2, '2016-03-30', 10000.00, 300.00);

INSERT INTO STEVEMCQUEEN10101.CATEGORY (CATEGORY_NAME) 
	VALUES ('Bills & Utilities')
INSERT INTO STEVEMCQUEEN10101.CATEGORY (CATEGORY_NAME) 
	VALUES ('Business Services')
INSERT INTO STEVEMCQUEEN10101.CATEGORY (CATEGORY_NAME) 
	VALUES ('Clothing')
INSERT INTO STEVEMCQUEEN10101.CATEGORY (CATEGORY_NAME) 
	VALUES ('Debt')
INSERT INTO STEVEMCQUEEN10101.CATEGORY (CATEGORY_NAME) 
	VALUES ('Education')
INSERT INTO STEVEMCQUEEN10101.CATEGORY (CATEGORY_NAME) 
	VALUES ('Electronics')
INSERT INTO STEVEMCQUEEN10101.CATEGORY (CATEGORY_NAME) 
	VALUES ('Entertainment')
INSERT INTO STEVEMCQUEEN10101.CATEGORY (CATEGORY_NAME) 
	VALUES ('Fees & Charges')
INSERT INTO STEVEMCQUEEN10101.CATEGORY (CATEGORY_NAME) 
	VALUES ('Financial')
INSERT INTO STEVEMCQUEEN10101.CATEGORY (CATEGORY_NAME) 
	VALUES ('Food & Dining')
INSERT INTO STEVEMCQUEEN10101.CATEGORY (CATEGORY_NAME) 
	VALUES ('Gifts & Donations')
INSERT INTO STEVEMCQUEEN10101.CATEGORY (CATEGORY_NAME) 
	VALUES ('Health & Fitness')
INSERT INTO STEVEMCQUEEN10101.CATEGORY (CATEGORY_NAME) 
	VALUES ('Home')
INSERT INTO STEVEMCQUEEN10101.CATEGORY (CATEGORY_NAME) 
	VALUES ('Income')
INSERT INTO STEVEMCQUEEN10101.CATEGORY (CATEGORY_NAME) 
	VALUES ('Kids')
INSERT INTO STEVEMCQUEEN10101.CATEGORY (CATEGORY_NAME) 
	VALUES ('Medical')
INSERT INTO STEVEMCQUEEN10101.CATEGORY (CATEGORY_NAME) 
	VALUES ('Miscellaneous')
INSERT INTO STEVEMCQUEEN10101.CATEGORY (CATEGORY_NAME) 
	VALUES ('Personal Care')
INSERT INTO STEVEMCQUEEN10101.CATEGORY (CATEGORY_NAME) 
	VALUES ('Pets')
INSERT INTO STEVEMCQUEEN10101.CATEGORY (CATEGORY_NAME) 
	VALUES ('Taxes')
INSERT INTO STEVEMCQUEEN10101.CATEGORY (CATEGORY_NAME) 
	VALUES ('Transfer')
INSERT INTO STEVEMCQUEEN10101.CATEGORY (CATEGORY_NAME) 
	VALUES ('Transportation')
INSERT INTO STEVEMCQUEEN10101.CATEGORY (CATEGORY_NAME) 
	VALUES ('Travel')
INSERT INTO STEVEMCQUEEN10101.CATEGORY (CATEGORY_NAME) 
	VALUES ('Uncategorized')